trial_number,value,ATR_MULTIPLIER,VCP_TIGHTNESS_RANGE,BREAKOUT_BUFFER_ATR,BREAKOUT_VOL_MULT,TARGET_RR,TRAIL_ATR_MULT,REGIME_BULL_THRESHOLD
0,-5.0,1.349816047538945,0.06827500072434707,0.44639878836228103,1.0993292420985183,2.293611184265462,1.9871934244034433,22
1,-5.0,1.5464704583099742,0.056039025411012314,0.4416145155592091,0.8102922471479013,2.7819459112971963,2.798931168960506,27
0,-5.0,1.349816047538945,0.06827500072434707,0.44639878836228103,1.0993292420985183,2.293611184265462,1.9871934244034433,22
1,-5.0,1.5464704583099742,0.056039025411012314,0.4416145155592091,0.8102922471479013,2.7819459112971963,2.798931168960506,27
0,-5.0,1.349816047538945,0.06827500072434707,0.44639878836228103,1.0993292420985183,2.293611184265462,1.9871934244034433,22
1,-5.0,1.5464704583099742,0.056039025411012314,0.4416145155592091,0.8102922471479013,2.7819459112971963,2.798931168960506,27
0,-5.0,1.349816047538945,0.06827500072434707,0.44639878836228103,1.0993292420985183,2.293611184265462,1.9871934244034433,22
1,-5.0,1.5464704583099742,0.056039025411012314,0.4416145155592091,0.8102922471479013,2.7819459112971963,2.798931168960506,27
0,-5.0,1.349816047538945,0.06827500072434707,0.44639878836228103,1.0993292420985183,2.293611184265462,1.9871934244034433,22
1,-5.0,1.5464704583099742,0.056039025411012314,0.4416145155592091,0.8102922471479013,2.7819459112971963,2.798931168960506,27
0,0.012679314376625886,1.349816047538945,0.06827500072434707,0.44639878836228103,1.0993292420985183,2.293611184265462,1.9871934244034433,22
1,0.042888402098043454,1.5464704583099742,0.056039025411012314,0.4416145155592091,0.8102922471479013,2.7819459112971963,2.798931168960506,27
2,-0.009445025035927734,1.2727299868828403,0.041419157844870186,0.3608484485919075,1.062378215816119,2.4591670111852695,2.14947496823765,42
3,-0.010752838159726125,1.2557975442608167,0.04522506269873264,0.3732723686587383,1.028034992108518,2.671105576835808,2.0396085385900316,38
4,-0.01878072775586718,1.436965827544817,0.036625764445199924,0.4215089703802877,0.8852620618436458,2.239030955791168,2.938662644704,54
5,0.008213454325588116,1.5233589392465845,0.045661481921067976,0.31953442280127675,1.1421165132560784,2.464091496243761,1.9464458818137347,37
6,0.012581584153764506,1.2137554084460873,0.06682621407275738,0.3517559963200034,1.131261142176991,2.3870266456536466,2.424081625413373,39
7,-0.01734802987203809,1.2739417822102108,0.06893546197175955,0.4550265646722229,1.2697494707820947,2.7368964102565894,2.5174799745733023,53
8,0.005058773650862238,1.2353970008207678,0.04185940018467008,0.3090454577821076,0.9626651653816323,2.433206373813689,2.125618838128675,49
9,-0.011553504266256941,1.3427013306774358,0.04483270783905833,0.4085392166316497,0.8704621124873814,2.6813181884524235,1.889460772415725,55
10,0.037686964792912656,1.5915380397504106,0.057936685121409044,0.49390742215757316,0.8089809378074099,2.591119930466907,2.8891977543390217,23
11,0.0377640130319702,1.5921595481731863,0.056940927571729874,0.4994930949531938,0.8043736834843054,2.5994815234960633,2.9598643777971265,22
12,0.033049990614890834,1.5975107850860113,0.05668368800967598,0.4988933026402503,0.8021093106319138,2.5889707180820656,2.7147170596405736,29
13,0.026639174319197746,1.5030142520343888,0.05309993055662292,0.460353712273724,0.928455983614455,2.788976059057414,2.700897625489323,28
14,0.02505178254870316,1.5204285469314651,0.05984256715393952,0.47434062017510203,0.864354985098245,2.5715007264424554,2.9954433607088107,29
15,0.02220990020914476,1.4578694741072342,0.06243212578891734,0.4231136415514785,0.9746481561344855,2.7976101936167277,2.75139068525843,20
16,-0.0066467019817432514,1.5550895691476119,0.05157036337709482,0.3904652625755217,1.2286955650046745,2.671976723061999,2.5895467300241237,33
17,0.03708211101156723,1.46200557952154,0.0516831719528296,0.4367188553031224,0.802646518634279,2.54950652934642,2.846973899508622,25
18,-0.010378753188944228,1.5569601426147204,0.06296635409213171,0.46810743834566243,0.906315181465154,2.7284066966474443,2.2665230337436633,33
19,0.024483023131413595,1.489686185527608,0.05550888789491524,0.4817415095955836,0.8538790584551098,2.3779466188056326,2.8105168967464587,26
20,0.0013180748979997627,1.5582311064231749,0.048870457604325276,0.4000193045004962,0.9816569946256402,2.6347260508759396,2.6194222306032304,32
21,0.033888889757427904,1.5965170036460394,0.05798547330460199,0.49524254490281105,0.8236983772231593,2.5292213477246,2.8779579201827006,23
22,0.03768992550976338,1.5977384151195027,0.06129999340382696,0.4791816069200682,0.8315052753691248,2.604531979969319,2.9899906914889183,20
23,0.02612668007809407,1.4036593161476478,0.0628680312339629,0.47882472052653174,0.9301800168820349,2.6321892185662072,2.96366958987323,20
24,0.03373138021307536,1.5528668129744307,0.06541567868023307,0.4408500069223783,0.8473524006683,2.5054199964426274,2.9921705970844306,26
25,0.015077284322145728,1.5730232993844095,0.06055601983314534,0.46436056894989064,0.8942572915365156,2.7205423266347397,2.7820484269461296,21
26,0.03629693438125081,1.5296916367599553,0.05395048242063362,0.48567335222130015,0.8376609020332426,2.62050900875506,2.630511579488463,24
27,-0.007530715281302737,1.4672335505971372,0.04913101998715226,0.42810672191072363,1.0008842760651633,2.73734278197066,2.403709345841957,31
28,0.02269904795110902,1.531944923734957,0.059824668310652515,0.45805459880765065,0.9334601127945864,2.5162170570871014,2.902914941379463,26
29,0.000985684110233136,1.3559702553281903,0.06466030982410254,0.45126650233961896,1.0623350588639533,2.2740525550718638,2.5225852379560516,22
30,-0.0015037543373680356,1.4949379851521913,0.05523637549430299,0.44695318544292584,1.1828838535054702,2.377924071094851,1.8003145347656555,45
31,0.03815572176063166,1.5858259928725793,0.057837685809435276,0.4902077458816635,0.8010612963498301,2.5939911122166865,2.8597621143444423,23
32,0.03571602456897648,1.5689839995946433,0.058516694351271846,0.4858915109883977,0.8337248827508659,2.4702753917278106,2.8196615933432803,20
33,0.03721264907414145,1.5754807158593322,0.06202161480908071,0.47235154153392467,0.8002712838983497,2.6883421136305494,2.696503573855219,23
34,-0.011254131959551788,1.5989923486276971,0.056282157659608194,0.4868956290303076,0.8845214248131312,2.6318836929197746,2.9372408587580607,35
35,0.03802025492468134,1.546375501018599,0.049782727310275644,0.4732767162432318,0.8435978541171657,2.5601446988508316,2.2865177797118665,27
36,0.04027890621916651,1.5371892081413414,0.04936412171318987,0.4377003360732259,1.095334215190627,2.5530033056133155,2.3009803409080205,28
37,0.02329882981526984,1.4331466398704604,0.04937177109499902,0.43020550438229227,1.1142634472008577,2.41323232854176,2.19057334485998,28
38,0.00043507400253719395,1.534692679832281,0.03628773070032459,0.36800427390521306,1.0189099000045945,2.5480966292442315,2.3152851646587416,41
39,0.0020468133871157247,1.4855761590427354,0.047637953433487194,0.40430652673763484,1.08453229185602,2.3225746145623742,2.289948257608199,36
40,0.020250308199325412,1.4192008126800404,0.04172749171715725,0.4168914412204336,1.1822124638883993,2.4765066221219425,2.04495414269839,30
41,0.021721936206046823,1.5419767136576867,0.05121524016006171,0.49862849940067017,1.0374821279913888,2.5747576528082607,2.3492079093679616,27
42,0.012438006351611616,1.5137733222379977,0.04628815759532347,0.3865648380281802,0.8677752965456702,2.5416371370470943,2.18382007685456,24
43,0.02758461627927898,1.5768949167831843,0.05391765339710091,0.4639444613891774,1.1001109328074758,2.493622944838274,2.421783887458446,22
44,0.004048924568591133,1.3706764916229042,0.04402509980571448,0.33728107483294156,1.1564670471754956,2.651275694179879,2.5121353440945358,25
45,-0.0020556107988079922,1.299568910040845,0.03877189141956202,0.4408088547492017,0.8226995900499173,2.202441539451348,2.2356024462977158,28
46,0.01136295834959983,1.5086628235525332,0.05053748265828575,0.45290960932707547,0.9166095020217054,2.4322408807947222,2.1031757794400554,30
47,-0.011454613979925796,1.5810183541991618,0.05345289495552766,0.4897801006450103,0.8689005995887512,2.570362465235872,2.372842125408896,34
48,0.03893035950091831,1.5490808196472692,0.057163472238897096,0.4142778077379383,1.2854933287610093,2.766237272173634,2.448777801102788,24
49,0.006119209383850045,1.5466214330405892,0.05496890071880089,0.41665217305745933,1.269699800294372,2.7038646943878195,2.4808501907005365,38
50,0.030480899204924125,1.4815767119717198,0.04680187206889179,0.38636879115073625,0.9517473552217652,2.7430966767715455,2.4689641459967757,27
51,0.029616109541069028,1.5181109121986434,0.056955938181204833,0.4126095013176398,1.2926773058008363,2.7743645548776357,2.747487385596152,24
52,0.03452134320766886,1.5656057740598526,0.05921633199715321,0.4715442503952052,1.221020365857217,2.6618758671861236,2.917389441128804,22
53,0.049349131489808476,1.5438862400114592,0.05264610339417961,0.43350679128773206,0.8231640680135731,2.768871389224788,2.8618779188045185,25
54,0.022080101502020402,1.5380787879453186,0.052576965518369635,0.4247030895747936,0.8881936449906489,2.762092541745633,2.6721537870223755,29
55,0.04545610702574483,1.505926621651229,0.05002411786969763,0.43770124420387047,0.8225878443505892,2.764313310797818,2.8662431701464675,25
56,0.03722958798501084,1.5009872985604868,0.04409714293615005,0.430695648863971,1.2455671186202992,2.764108270566009,2.854352176927929,25
57,-0.005533330211557853,1.4755725599138798,0.048050664714934216,0.43813901607145184,0.8164588485389372,2.7985932592474105,2.809886693755434,31
58,0.026818132790224027,1.441760786807883,0.05185271364042403,0.3920576595893859,0.852019733186488,2.701541822768595,2.5923266934540727,25
59,0.03379850379986774,1.5223778595134514,0.05708807013613633,0.4455332008130668,1.2047129442123152,2.757596726032152,2.745805032885044,23
60,0.04919724865073754,1.5849721703041098,0.05499216816876856,0.4362042427419662,0.8290900032221282,2.708280114410369,2.849990365936364,52
61,0.04789182029566554,1.5829312082511195,0.05571270525662708,0.43388508559558525,0.821671386656218,2.776701603483205,2.878362396450969,26
62,0.05678071539657852,1.564146694834268,0.05429777187622847,0.43476468256875284,0.8224778349685167,2.779157790438115,2.7877925246048445,51
63,0.03930956404396122,1.561642334064596,0.054584162435407445,0.4355547337330726,0.8175054164155275,2.783509203525046,2.7890836569462465,50
64,0.04960005253351487,1.58614379498621,0.052469489295751695,0.44830000287659494,0.8340177474922291,2.7199064253561325,2.8845841804380505,52
65,0.018569384418658973,1.5791283336332231,0.05304552195189432,0.447560508948332,0.857656430425702,2.72403961254473,2.9132425728344216,52
66,0.011153426300603736,1.5636308163142012,0.05584839422052021,0.4218024151266986,0.8316900053884893,2.748214476972498,2.875062303950542,55
67,-0.0012587997879635246,1.586014792888923,0.06985043685277181,0.4558206594015822,0.906316246507992,2.721319807306621,2.951216052900918,47
68,0.02128690448013525,1.599945442553111,0.052065445764052996,0.44473036868950505,0.8431548730712285,2.7052048540568716,2.8344460288763185,53
69,0.012520942970123286,1.558883614888427,0.05062011356767715,0.4326914983417446,0.8793265563474236,2.781876492461764,2.7603124665411363,51
70,0.023895288626292463,1.585424313242303,0.05454167934617043,0.40755666826190334,0.8181811052077558,2.678248702880654,2.722087915814793,48
71,0.03139232285484192,1.5288321204303637,0.050001667871878264,0.42623110719755597,0.8318230079037684,2.7984568471307205,2.8901433286052365,44
72,0.003149239372101207,1.5519137861269046,0.048100397557667325,0.4595124757278868,0.8559836753070301,2.7471033111940573,2.8019787922916723,53
73,0.03350367780017443,1.570042415546003,0.05263666374083464,0.43738429345571805,0.8134108813441017,2.732304464257957,2.6531183384806227,50
74,0.0114083876459185,1.538451008256469,0.055962788775201236,0.45271427668184494,0.874052728797534,2.695833259550661,2.97085130828865,52
75,0.0018512051312419289,1.5238204805183881,0.051008313720488495,0.4416563355654072,0.8380098749520569,2.779411559922448,2.8489212171556275,55
76,0.006157305861791003,1.5860856349814914,0.05383036025002958,0.4212012507672908,1.1338386707831691,2.7114062346859926,2.9295043647695467,40
77,0.01505687520217039,1.208860861412163,0.0588969519262532,0.44928057252957215,0.8068913370650178,2.755686220066911,2.878871250953438,47
78,-0.01837273151255141,1.5736687560988298,0.05513488745307309,0.46180187773377435,0.895292990985894,2.654234492116859,2.7878993330706443,54
79,0.014902183731183467,1.5033954060941173,0.048621758067339434,0.4308597084331494,0.8001763505829841,2.733009000225822,2.8335362578723053,44
80,0.03948873973760509,1.554949611316983,0.05300689111462192,0.4341152749252219,0.8287119874274063,2.784945295551419,2.762954861585726,49
81,0.0682495306478642,1.5577152628535518,0.052243183032352286,0.4419008476581775,1.0869459845434526,2.7853950755183416,2.7033458319352954,52
82,0.02769463885895968,1.5423233370049914,0.0501163185640729,0.44282883406409845,1.0814416255506718,2.7668048507470306,2.8926603877605928,51
83,0.026020652039573912,1.5686178024020212,0.051888215316441534,0.419595406945848,1.0567004582062907,2.7454612302443584,2.9964335127611674,26
84,0.03886453398752833,1.5924078274489117,0.05411173719598157,0.4674912533711181,1.0900153618554764,2.7970554598704305,2.7229455811110137,54
85,0.055395369247625476,1.3000577760999061,0.047086657628242136,0.438832246089844,1.1162201954139581,2.7164878099810776,2.697996044052783,52
86,-0.0005451720479266952,1.2863705081951045,0.04565014816891485,0.42820384469926653,0.8626131103102308,2.7175050257528675,2.819109369966364,52
87,0.0023191019289988462,1.3563556132641865,0.04712026050401551,0.3000239780722054,1.0749563652079746,2.6818895684301225,2.6912145882509044,50
88,0.05076710057735032,1.2447440508260517,0.05558947552097849,0.45118201228447374,1.1072896375395604,2.769109096474072,2.566090300815413,54
89,0.02634795988767542,1.2445400485423486,0.057943712005976235,0.4560336641156867,1.1208080545300545,2.776790389504533,2.6128733894696485,54
90,0.048230636273339594,1.321593812524943,0.05611542858574749,0.44188906994903654,1.1431214837954307,2.737191411161517,2.542031701198863,53
91,-0.003551503867189684,1.313615523392421,0.05635619126166969,0.45150810812525416,1.150059952929539,2.734447751830656,2.6641027788543346,53
92,0.023720873814514078,1.3185605812790446,0.055503307971140094,0.4399117358512322,1.1058585908343834,2.749579898883138,2.642281543511177,51
93,0.03481852962205064,1.227866240846007,0.05340107846101089,0.4458615869550761,1.125587524397265,2.7703325280472324,2.596279344647362,49
94,-0.020050889429945058,1.2543687652354114,0.05152211693105023,0.4344228962687285,1.1566330295117073,2.712500907804245,2.5665730538681237,53
95,0.022634978080875213,1.277560216875345,0.054522895657773796,0.4266514761347226,1.0741346923499093,2.757403885341599,2.5491252453336455,55
96,0.04017790702305112,1.2250663822356471,0.04292241595384369,0.447917758594604,1.1373154931866623,2.693614163174142,2.771446372256745,52
97,0.0029142793313814063,1.38180377888088,0.056826244008141895,0.4100951068599553,1.1681068576395823,2.7359154578595306,2.6968682361010434,54
98,0.04796500587547034,1.3416914933853965,0.05237945768256659,0.4576735973969003,1.1071136210123145,2.788404398801192,2.8632952896799844,51
99,0.03091374115273068,1.3331054195393068,0.04045603848512808,0.4632919760429483,1.1166726903396533,2.78987399318941,2.7364412206705016,48
100,0.037566122223527704,1.3398421543991226,0.060390757385624945,0.47773384415634657,1.0398630243493843,2.6697887235802327,2.5479978418301625,51
101,0.009498173205913,1.2982801535614068,0.0526714558530534,0.4676738683164047,1.099218408641303,2.7709395023846226,2.8647463860307933,50
102,0.02349984861627433,1.2660176258880291,0.05067249344418224,0.458676466295879,1.1050911269155255,2.7905350942136913,2.936583472503602,52
103,0.033192450503278216,1.3188583981507802,0.05375882964388596,0.44236550613552544,0.8420800547845282,2.7582880124666023,2.833413193648686,51
104,0.025350340071440377,1.3280185669057634,0.057533926779818174,0.4519094212178879,1.0046518985037607,2.776425300527214,2.800571685277198,54
105,0.00696247743146781,1.3918376573775384,0.055095805244534536,0.43729365914229806,1.0680234174457885,2.7235051148585256,2.9078585796444076,53
106,-0.0052968725939505044,1.3049025910520047,0.052101069420811885,0.4556460636621093,1.1691834888274317,2.744829438324348,2.864209280738994,49
107,0.06236857252972306,1.3637082029534082,0.04966065548174573,0.43209565541962536,1.1482531729755459,2.786320012075759,2.968380020643677,52
108,0.01634962679845489,1.3510013147534246,0.05577355608042017,0.43130774354237095,1.1487407763201694,2.7847683351810217,2.960575119278596,55
109,0.025443277968177934,1.3653280041112479,0.049345800592986724,0.42488108659062535,1.1292564443436226,2.7403088236575894,2.5022532094002607,48
110,-0.00045769126757949353,1.2003276944287093,0.05429129090166939,0.41707221112295306,1.1655520243777293,2.756495984270975,2.968838661594154,52
111,0.018512284510383604,1.4111730370788889,0.05335537045202591,0.44914117911397283,1.1087691863593292,2.773504444039318,2.9109746391748126,53
112,0.0017587190077881652,1.366175137754401,0.04857670845245735,0.4438587867625129,1.190243940785292,2.797485769512707,2.8354813242310337,50
113,0.06072322541647318,1.3414515766701989,0.05114784402050081,0.43915253312539954,0.8489904586499448,2.7640136742378534,2.8866169213742943,51
114,0.050563557141580846,1.3417015832583248,0.05099746873185031,0.44021135110436277,1.0898918637025696,2.7276954170639107,2.8971650985282023,51
115,0.050539722468180774,1.3356291815373844,0.05096810865647489,0.4401302940171233,1.0903976437012715,2.7258161283861395,2.9487354475769254,51
0,-5.0,1.349816047538945,0.06827500072434707,0.44639878836228103,1.0993292420985183,2.293611184265462,1.9871934244034433,22
1,-5.0,1.5464704583099742,0.056039025411012314,0.4416145155592091,0.8102922471479013,2.7819459112971963,2.798931168960506,27
0,-5.0,1.349816047538945,0.06827500072434707,0.44639878836228103,1.0993292420985183,2.293611184265462,1.9871934244034433,22,-0.013382385422506483
1,-5.0,1.4404460046972836,0.0597825402228616,0.3041168988591605,1.2849549260809972,2.699465584480253,2.0548069328139316,26,-0.08165954901465662
116,0.0266574455794189,1.3275731451134105,0.050842486702814785,0.4408621568713417,1.0889098808291264,2.7030625658681497,2.933648420947785,49
117,0.004669253996606205,1.3808544668582,0.05137834530586248,0.4293116793951348,1.0484076226178956,2.6862624111911457,2.979962175722328,47
0,-5.0,1.349816047538945,0.06827500072434707,0.44639878836228103,1.0993292420985183,2.293611184265462,1.9871934244034433,22,-0.013382385422506483
1,-5.0,1.4404460046972836,0.0597825402228616,0.3041168988591605,1.2849549260809972,2.699465584480253,2.0548069328139316,26,-0.08165954901465662
119,0.005965142475599682,1.3084265323341375,0.04735232501944281,0.43443340448838647,1.0629420199481372,2.726136118522347,2.949898336387387,52,-0.06075471078973676
120,0.030793423019818342,1.3469911265533798,0.04967749314325042,0.44534930811540113,1.1426322353504403,2.721898290795213,2.895749359252897,53,-0.006443812391857526
121,0.08559063772959939,1.3564099358602786,0.04881828261432208,0.4394600003016861,1.1231126770451374,2.7125938965578578,2.9984828481109713,51,-0.0918775947969832
122,0.035472265861828584,1.2915678650479545,0.04799624829808785,0.43877321379988465,1.1214379349677408,2.708197674033199,2.924531397312973,51,-0.09954520711263819
123,0.01721710149138288,1.3561938193565684,0.050140686410147454,0.4236665202493429,1.081322533049758,2.749983328906253,2.9879345160323942,50,-0.09943200374659483
124,0.07132350939465638,1.332051848269134,0.0467271138672204,0.4497718471835286,1.1143196407326719,2.733769593170624,2.9438403490260723,52,-0.05172387520174244
125,0.05304576137468958,1.3327852526821307,0.04888459839057252,0.45174800774248747,1.0973620268435997,2.6454419436639056,2.9978605546195403,52,-0.05191759669389382
126,0.03753405559326753,1.3345578841146566,0.04482076353714309,0.35101141384277923,1.0987576559521786,2.6471657651802083,2.9523335605015273,51,-0.0523805985992692
127,0.07602523098748713,1.3746510437662836,0.04638990480232636,0.4508249728058974,1.0899595192212301,2.762606299581934,2.9816440903620616,54,-0.032876303264944805
128,0.06825202310528616,1.361290360220822,0.04877826113373867,0.4534912753363008,1.1151559798167037,2.6667587855803574,2.9927308190722695,54,-0.026902923303149428
129,0.04584439939301973,1.3782886587352499,0.0466049308761784,0.4510043118748532,1.0947576837120252,2.6056659852682387,2.996468131275474,54,-0.026138461993332817
130,0.05464540161282477,1.3621040630529035,0.04560902668879722,0.45404144397022694,1.128666642576235,2.669895295563766,2.9712431787592912,55,-0.033665463437590575
131,0.0466293490578632,1.392338422849514,0.04609433415676319,0.4614156284930218,1.1305474099293644,2.6391501656697285,2.97383063348823,55,-0.03225584126882347
132,0.057789825408825345,1.3615599421424986,0.0449022762236477,0.4549665109335145,1.1197236109990154,2.6826994752324507,2.963525836590133,54,-0.033458481507415795
133,0.028598890613648145,1.3740803876037169,0.04465261805135412,0.45420814729628445,1.134869058704432,2.6700820864444283,2.9729519447998602,54,-0.029254800179918425
134,0.07365634537444513,1.3519748567213206,0.04606366513601198,0.4688837272252349,1.119218805560912,2.612023627165454,2.9241901719263015,55,-0.03640529208892549
135,0.08580759703464604,1.3680177726206337,0.043373613868838784,0.4648736650702041,1.1173082263513185,2.6594285916651246,2.9977873864943247,55,-0.033457761345395395
136,0.0823157214456164,1.3618194431000537,0.0432919283541861,0.47052460060535417,1.1143251685168973,2.6214642783296846,2.996102684263281,55,-0.03385494182762291
137,0.08861979589279118,1.3642784308674345,0.04336525861950903,0.4700971256105338,1.1130859817925605,2.6785280180007423,2.933414221171059,55,-0.03262993446907994
138,0.07540999186893661,1.3959005020300774,0.043253982598201984,0.47609399423433924,1.114097745867939,2.6220170557655536,2.927529599774418,55,-0.03398361766695235
139,0.08201140154662384,1.3867616852496019,0.04362284626237327,0.48262678531381215,1.1139791175545117,2.6194554716987093,2.9367793651453713,55,-0.03303478137816516
140,0.0919787799831131,1.3905448426677736,0.04275096843584161,0.47398978437721767,1.1162299580867845,2.6112171969851663,2.928695109931294,55,-0.03442331542274674
141,0.07650621091162481,1.3928261895832401,0.04295671385595138,0.48236259982446955,1.1150670256948447,2.6245630571186203,2.9300749645064648,55,-0.03477134215422423
142,0.06520844960695364,1.396710304737211,0.04266288724838897,0.48221340423670117,1.115968692214824,2.5847828374768067,2.927117694474286,55,-0.035448511751614016
143,0.07496710704879395,1.3965483728501327,0.04269215531419491,0.48297388390427537,1.112155029278458,2.610673374567745,2.931185026820537,55,-0.03420582346761194
144,0.07586037044716636,1.400559439993159,0.04266801733096916,0.48414300580585085,1.1123121838878358,2.622700062035925,2.9277478795490564,55,-0.03445238002456641
145,0.05493369039047335,1.407044625590799,0.04051837944956089,0.4744285686215036,1.1119375678082521,2.6253581756497146,2.9377372336001626,55,-0.03543816328104364
146,0.04387505051796811,1.3863301306872333,0.04349571538860218,0.48216375023142316,1.0771559971712001,2.6145912988505904,2.916512635770864,55,-0.03461673235712189
147,0.035478928661440014,1.4146030893172314,0.042243865117616325,0.4872024955385626,1.126591021575486,2.619447167698079,2.9418281124109855,54,-0.03407952373211832
148,0.058998598468811336,1.4338667097832163,0.04138844174185751,0.4941418856755673,1.1117319442955553,2.5983750111580126,2.922490516764247,55,-0.034513363031468486
149,0.021337323659644414,1.422378097196985,0.04127172134766372,0.47735421110875487,1.1381697919606546,2.6120351884384796,2.9995010119034315,54,-0.02517521853092869
150,0.05780004743386534,1.3738365615951273,0.043531452689640524,0.47010451977976603,1.1014635635275403,2.630530924335327,2.9479226648748464,55,-0.04207887774830979
151,0.027599938450960808,1.3863621277218383,0.04408698258301469,0.474801173822536,1.1261927180066094,2.5816948769279837,2.9008775507803315,53,-0.024932993155534957
152,0.06148044051100199,1.3998254719106302,0.042411758240352836,0.48371253944359893,1.1169928694714646,2.589863046960959,2.9227827206113495,55,-0.04045299841385107
153,-0.014834455851596252,1.397372402437445,0.039962290180812945,0.4919414350356673,1.155837436589707,2.5614654616236687,2.9827753705163222,55,-0.03716967684764009
154,0.06277576015482608,1.3951074991007193,0.04317324434943055,0.48022038942684064,1.1129104516231767,2.6557012772026867,2.93205541798267,54,-0.029698453343620153
155,0.013674677292506572,1.3507536648535228,0.04266851377584706,0.46720608682386255,1.0818861919844218,2.624370618478628,2.952427061548456,53,-0.04042909098444088
156,0.04890760020478554,1.421180550886809,0.04411340993009444,0.4870369599393364,1.1000826831365407,2.6388341936010735,2.915749838777282,55,-0.07941711946590496
157,0.023877231474226508,1.404099023395635,0.03884511501249152,0.476432947610932,1.1211669067466996,2.604099730548354,2.9772417148816395,54,-0.02825586343568379
158,0.03138206878612717,1.3716774028101324,0.041871164750579656,0.4727639187058477,1.137091212067197,2.657309320251553,2.9985651765498598,54,-0.03900594560047744
159,0.0019659692695410264,1.3874110634244294,0.04343485275974393,0.4812158776197934,1.0682350942099847,2.573052316772331,2.9019927509388053,53,-0.0174214771602971
160,0.0426989254572479,1.4489820448736073,0.04561227446329495,0.4705479010674422,1.106636106466735,2.5866252700443826,2.9487564077843973,55,-0.06842591415201549
161,0.06364670997740682,1.3813161307027555,0.04274006854028481,0.4658239922359452,1.090119276482646,2.614850709337147,2.877484419260864,55,-0.030134365103545047
162,0.06396912332103309,1.3787036585997354,0.04105585116928938,0.464212215323926,1.0927465917328183,2.6178333766196857,2.9291622361502725,55,-0.030813235599933767
163,0.06612982701372509,1.3745462956782002,0.04106012006038982,0.48966053827857736,1.1143762887900643,2.599016838670016,2.9307107285954483,54,-0.036494094289780704
164,0.06945436016320627,1.3570438529150897,0.03968812673170524,0.48908213336550477,1.1141784119305758,2.6348637465526124,2.9529181612408584,54,-0.040274353754019
165,0.033320454978624056,1.3685896514033413,0.039092390429957526,0.4990238750775975,1.1292902384554366,2.634599456869904,2.9629186397773015,54,-0.03715343550848668
166,0.022556169319186612,1.3544301088280377,0.041726868581254926,0.4898379320323462,1.1065350821237165,2.6650391534541704,2.999751351698904,53,-0.041472332519973884
167,0.030248092895264655,1.3596867548317664,0.037653161747323624,0.48641013544451256,1.1398491411930947,2.6467823518782065,2.954800893954567,54,-0.021698995165423188
168,0.02887117462466462,1.3508819528792135,0.03959493324918603,0.49593996914289395,1.1148712778547445,2.6003212059131093,2.903995150912004,53,-0.04536852444061346
169,0.039388441431760825,1.3747082235340808,0.04432887910616457,0.470054958779212,1.125410270761335,2.6343456028195638,2.9692245611607113,54,-0.0911852906153449
170,0.024584252164954003,1.3694680611072536,0.045269279018864045,0.47733068632635983,1.1004221954957232,2.6069380264893582,2.883573675768501,53,-0.03224835440963042
171,0.0455892642719719,1.348106596721604,0.04091329467862592,0.48419761985598025,1.0812637676983416,2.6229363894609556,2.943621556323082,54,-0.03798047003852575
172,0.06639101124461944,1.39298135402848,0.04207344182459166,0.4811743612973349,1.1157202066520653,2.5961598978918703,2.9114773157824487,55,-0.035279467619202205
173,0.08382435197912101,1.3857454712062773,0.04353422056331325,0.4909307803540338,1.1188103587151939,2.642504607848487,2.982355011387692,55,-0.03205989288091787
174,0.053670906349880865,1.387702189459454,0.04375904760212751,0.48000689670460905,1.1430802847932247,2.6566569772398214,2.9724917113027716,55,-0.031292624032305184
175,0.06246794384399547,1.4140142637213453,0.04320988817658191,0.4746530564264666,1.12072446528119,2.6390875515859937,2.999735574872985,55,-0.03154925359874794
176,0.041958117643138115,1.4051256617247114,0.042005027408426175,0.49362122624588767,1.1322298744614656,2.6475393061729355,2.9778254343867974,55,-0.027133393923801253
177,0.00948738705914316,1.3922649273590921,0.04600036965172316,0.47254311327555204,1.105226095956922,2.6306722559457927,2.911206926392353,53,-0.04657781547111708
178,-0.00872242283851396,1.3599349302714148,0.044673528969328385,0.4841939100061409,1.1533882495309489,2.6773417673413955,2.9609310604914474,54,-0.056191833889027085
179,0.07355887799675168,1.3860993077079002,0.04235439142173261,0.4619860196578344,1.0960791523098201,2.6159244964654538,1.9271633234443515,55,-0.034310105073101685
180,0.07327701724435959,1.3675951978311471,0.04644113107998423,0.4616009266696631,1.0867018000439304,2.661541218928043,2.9452598876409875,54,-0.033248174215340855
181,0.02189836126506042,1.379749587321854,0.04670407595852229,0.4615067164221032,1.0982786093496835,2.6612225169936408,2.005977456353189,53,-0.03326911879186375
182,0.05057129981150619,1.369419287788849,0.04501777272213381,0.4648271088781087,1.0717482790845632,2.615622130989068,2.9479319326645363,54,-0.03405384689240755
183,0.05859575720870034,1.385369881971989,0.04383646036192312,0.45978423128851537,1.0848696473032933,2.627720452291964,2.982025199911254,55,-0.02903141154360311
184,0.05607396656081125,1.3630530639604952,0.047706303081116,0.46854541215331247,1.053529649267719,2.6940551559655206,2.938002746624971,54,-0.03461092320780108
185,-0.008278432995431862,1.4003707922150428,0.03568369241968676,0.4762532286203339,1.0930134748032947,2.637125221624537,2.134289876775049,37,-0.02279088685433278
186,0.059564688177692886,1.3560109422062243,0.04283007568969803,0.46588050197172143,1.107841510776911,2.652915694706399,1.8001438684332323,55,-0.03721563245930671
187,0.06516511448128606,1.3452791858436604,0.04644503374896345,0.4591764782907224,1.124589316803321,2.6661949743350783,2.998658667035262,53,-0.03183140707962102
188,0.051902075287031835,1.3661248046711156,0.04413030972949133,0.4885868398675375,1.1027894642772413,2.6117377376339674,2.9632333340310617,54,-0.02872555098838045
189,0.07308667317099446,1.3792933921251058,0.04565366562653789,0.4736004706666543,1.0867794463967415,2.64588088636977,2.8932381500837647,55,-0.0038521156920824223
190,0.05686910665274678,1.3819124406439762,0.045736662151603866,0.4707219218550728,1.1341598170459835,2.644845527587708,2.0565754467284827,55,-0.034149002895755606
191,0.08915508269775936,1.3878659965653157,0.045166102989455004,0.4741496115195448,1.122047878841217,2.62522485365696,2.8802322019148603,55,-0.007427461755513995
192,0.07548883949289753,1.4059976812601436,0.04493799863524163,0.4787303607426697,1.1207024529996348,2.6281613479623425,2.8886219908866657,55,-0.014131225471984485
193,0.05106664844095641,1.4071515938851002,0.04515279307949949,0.4778363341723155,1.1234302295945833,2.6215605265675506,2.877393282630823,55,-0.005301044668892334
194,0.06548629998567444,1.4012751670163306,0.044553050765647424,0.4739529425131726,1.095715067155948,2.62867237965476,2.8888774239662167,55,-0.000648650452890154
195,0.05736740648094777,1.3874564873946924,0.04308140672474993,0.479496921195728,1.1101531864417769,2.60535920691197,1.9035145269453624,54,-0.010561786917715199
196,0.045382014687053884,1.3934538525924163,0.04618182029899769,0.4848276954981547,1.143126908909877,2.3566623815218994,2.8530908252638323,55,-0.01120381256846752
197,0.03121836702861131,1.3755820218634016,0.04390331897572915,0.4662895711344355,1.1189996681234058,2.643010684640392,2.2232620188823553,54,-0.00389627977228759
198,0.05048222285299496,1.4191115620363046,0.04540465139224864,0.47056787843975867,1.1264714742668964,2.6224721945652685,2.90583154427063,55,-0.012156302223389155
199,0.010745703403820894,1.399453264092101,0.047056000417325966,0.4924067099266708,1.107906297530593,2.650503061462212,2.9281858106949885,53,-0.03847067730706869
200,0.0436554868317141,1.4101457431305757,0.043371001675359816,0.4744295617263541,1.087985030956095,2.59040092063612,2.3423036609595917,55,-0.06394588029863775
201,0.03307042507951591,1.4262594687525376,0.04431798627050201,0.48195976058784407,1.1344067702514014,2.611359919498547,2.9452205158649924,54,-0.008801153028941942
202,0.0715692492333768,1.3819795399327268,0.042137674052207266,0.4782406052265467,1.112566373901624,2.682590078938358,2.9744480789796888,54,-0.03573137997870219
203,0.06024541750425964,1.3884862734418764,0.042148789916293346,0.47772275576189716,1.1004981305043229,2.6908879225974967,2.920191269084022,55,-0.03621543358057146
204,0.09385745368916797,1.378749090248061,0.04261477844839153,0.4689626966645346,1.1119504698561382,2.6741294777156965,2.9582111525041928,54,-0.03300387099702804
205,0.06659643585300393,1.3792598151378324,0.04273968565088652,0.46392975010993154,1.1242575315154932,2.678801109876535,2.89634057155328,55,-0.014751229726042245
206,0.07778790744469692,1.3704138482865282,0.041646164294290286,0.46852865470955385,1.1056530961455797,2.681667561423167,2.972614823028292,54,-0.033139733496904786
207,0.044064786208009174,1.3727076729227181,0.04173906384494042,0.4693617012228365,1.0775424834704312,2.6759263751911093,1.8374453487089446,54,-0.032487390599847316
208,0.01344806277603249,1.3838222231794808,0.04247022263373853,0.4710374060723676,1.095787177017168,2.6591896472494305,2.974136146766189,53,-0.03538075394210586
209,0.06796704506937033,1.3950126757499426,0.04343131517591317,0.4739132137790486,1.1059259369197476,2.691914570245247,2.972628777476336,55,-0.03161704722542276
210,0.06387281504024268,1.36876503568962,0.04034978923950048,0.4630153944124735,1.0856523251021308,2.670681884692188,2.9196107951986967,54,-0.0028034188164446344
211,0.0020415718767115183,1.3869305171595077,0.04163756903937323,0.4673554578829585,1.1283521795511566,2.684078508516589,2.9474281055279707,42,-0.0378710852787958
212,0.0716696810151849,1.3778243207451621,0.042990898681325884,0.4788850944950218,1.1124728968457125,2.631663313313225,2.9364208190571923,55,-0.04392090910013871
213,0.08303903191637456,1.3794331732137157,0.04294151809170761,0.47855626078021524,1.1111237215080307,2.624613728449974,2.974948284884054,55,-0.03288997848935384
214,0.06313328596469149,1.3745174322820468,0.04324016769932055,0.48336450214592463,1.1026463379094589,2.6259669774129395,2.9242439973627192,55,-0.029213347536369224
215,0.06502528734414852,1.4036005973304635,0.04433620476358102,0.47254573252094384,1.1204795277601556,2.643788802491938,2.883757752339444,55,-0.04214289431161527
216,0.045578558059138935,1.3947053327383956,0.04368173429000185,0.47944440040233227,1.1380475783929236,2.6111078185037453,2.9593684460835488,55,-0.03340316063827082
217,0.07131047416653497,1.3651526398618725,0.0426662768302578,0.47492970674148866,1.0929271148201853,2.631411997380801,2.937339641507157,54,-0.030543556552401666
218,0.055859994074381726,1.3756414736239024,0.04497655097337533,0.48562435373783924,1.108861303134592,2.6007149254984308,2.906832662235177,55,-0.0434730412713101
219,0.029145925786390386,1.3897755161611158,0.04300659872779524,0.46848410209302516,1.1199552068227105,2.534140562791799,2.9992160104997367,53,-0.049121017013342476
220,0.05557609089002335,1.379389640862813,0.043900747564267796,0.46120000740837636,1.1316859879348258,2.651617856848075,2.8704012691779215,54,-0.03309981096283148
221,0.06304592736352305,1.3705515107296657,0.04241901341290361,0.4796996781901152,1.0991166076629972,2.622953893610316,2.9580622353036703,55,-0.026624817934590206
222,0.06978113336442299,1.382290795158227,0.04171282595345506,0.47803225714608566,1.1149620432552763,2.6603557966350375,2.9786227804747294,54,-0.03572298316678938
223,0.05334367612557188,1.3824827745428057,0.04219922108142198,0.4753473762789489,1.1089356942477453,2.634473203777123,2.968427696363194,54,-0.03987924157033577
224,0.06728775182536892,1.3961443469481678,0.04111276364853444,0.47061017328102817,1.112766783321192,2.6154783759514797,2.9371438506176424,55,-0.035838074671606907
225,0.03642736107382551,1.3665538359823874,0.044665394832184555,0.48090668044471274,1.122354126079397,2.6412872417884405,2.9769030927619426,54,-0.09581675431595948
226,0.05215395002681212,1.410659309858063,0.043289014042698346,0.46637705494618403,1.097605769235021,2.660560489104152,2.9996476794226834,55,-0.03318757041605777
227,0.02482439898471002,1.3872835540300932,0.04263093349650245,0.4855648335498706,1.1051749157749848,2.6151597539956795,2.926527303263147,53,-0.03066846440829548
228,0.03322310748514369,1.4021391350554262,0.04399236515818396,0.4764279243211252,1.1286261762798984,2.699990394625431,2.948347607978708,54,-0.037036561772440614
229,0.06223711103052061,1.3769765925954454,0.0454962546509052,0.4723452372388593,1.0849990131091425,2.595390583015483,2.975552402753569,55,-0.03237936579921305
230,0.06816899928247902,1.3574065235231263,0.0414857586753701,0.4784226163150147,1.116169369765681,2.6769809235420117,2.906921516749354,54,-0.07860309781186672
231,0.041792236818096865,1.3916960555303621,0.04314823669935201,0.46254049305405504,1.1444740967562912,2.446529655670527,2.958093805110233,55,-0.034716204459448154
232,0.01072832031851607,1.3704290585239995,0.046556228141873615,0.4579673894834534,1.1091335968556135,2.626618043061116,2.9411836291552502,53,-0.00816148635712639
233,0.07151101421857646,1.382847796842357,0.04594583404942576,0.48283536853867914,1.1174880244661056,2.6416370535198634,2.924391801250618,55,-0.03918031642818194
234,0.02780648158790978,1.3812473356788728,0.04590725226719011,0.3274371898976537,1.1234944327471927,2.647884888472444,2.9087241105698887,55,-0.04008120999734561
235,0.03248493594280639,1.362122772649234,0.04485366082272302,0.48249088407513907,1.1332714132805226,2.6375696781580498,2.893607934263689,54,-0.03823866193159742
236,0.07529557443067969,1.3884149585650198,0.042255630019294825,0.48958603195696265,1.1150117254014558,2.6087238925734906,2.934438492643369,55,-0.0347706336763154
237,0.0601376014553067,1.4004502749309578,0.04231473890705415,0.48957385051454316,1.099627653858393,2.6048074173418554,2.9801916588114556,55,-0.03456572948059813
238,0.044963232317925934,1.3906431295541544,0.043482298451338885,0.4946381392356064,1.1088561566262396,2.579709052590976,2.9470639237871676,54,-0.028074508535000972
239,0.06615340143273403,1.3519562105098422,0.04242332534394595,0.48684617332725266,1.0933448793220601,2.6191799471634445,2.963558182225887,55,-0.031182688837309885
240,0.03164011350507497,1.3755908725153663,0.04400452642115472,0.4697085516973461,1.1206913694087532,2.6056927993553405,2.9989647335024627,53,-0.03606350006134182
241,0.025358109891757484,1.4091282196261952,0.040749070371920715,0.4740118190872314,1.0774120026098455,2.629453793377716,2.863815935322486,54,-0.03324244434689513
242,0.08733398472806608,1.3856486384282551,0.042030869018292456,0.4828583584197384,1.116055275184933,2.488200153989964,2.923494063012193,55,-0.03769197342370153
243,0.0842071513623,1.3900345298722863,0.04165740028984477,0.4790447042402058,1.110951973509886,2.4951956077494963,2.9329546748015205,55,-0.03440785030568224
244,0.06459295580444013,1.3966937828596937,0.041464795740513635,0.4906216500021798,1.103279014206907,2.499662772515638,2.902164260732874,55,-0.03388485577301205
245,0.06285202223270912,1.391606127564737,0.042995200104481754,0.4850543460561444,1.1304884959630008,2.4660674713705277,2.927435492322175,55,-0.030392393828695886
246,0.0674277544566131,1.3867469088234818,0.041757934454594706,0.46685018608677664,1.121131874995681,2.526740703174198,2.931315349339535,55,-0.019820982813241725
247,0.06499845569160602,1.3719253482429168,0.04312377745017511,0.47619014399683485,1.1098353509304812,2.4821489245440347,2.9010432580942176,55,-0.031810521313298916
248,0.05222348340807175,1.4010720101180254,0.04444634607037668,0.4809279229500159,1.0907840339173962,2.5053828823735134,2.9490676405033334,54,-0.036766209916820294
249,0.08242038774858226,1.375786777785023,0.04269125236516954,0.47186315682229746,1.1020742799378982,2.4958876715254354,2.891702582079347,55,-0.0011505024169625837
250,0.10102824836346164,1.365088882888384,0.04090145168247345,0.4717309165152579,1.1022731907012495,2.484489554822916,2.8509089365702356,54,-0.005705230460857396
251,0.04827481101995121,1.3635305922461587,0.040320163287860984,0.46439454011853526,1.1055549653540901,2.4938806705148693,2.8525636651390958,54,-0.00018125355777652043
252,0.03939084887806054,1.352415474762497,0.04119847095739768,0.37916160479302785,1.1267334048150313,2.4826847821802938,2.8724788127898204,54,-0.024580846479721394
253,0.005439057965757612,1.369098025597396,0.04184974957832993,0.46931807584168145,1.101413590325349,2.5161576511390344,1.9607797976114993,53,-0.029317133429955386
254,0.14911452097044398,1.3600488637144277,0.042590364666334576,0.472535454338309,1.1154807064565808,2.473563478720105,2.8339537946812787,54,-0.03412403232399701
255,0.07609488476899898,1.3582455740437054,0.04258529088615715,0.4737819754052263,1.118676183462532,2.45103609350651,2.8173996611760748,55,-0.03465930239267441
256,0.053049991396541145,1.3416802137253947,0.04080358452305395,0.47265574289422163,1.1419861330280006,2.454103820761599,2.873927338443553,55,-0.006247999927373871
257,0.037510075042502075,1.357478308296361,0.04366638653316827,0.49687314189267545,1.1349321447060978,2.4283775840304256,2.8279151156353484,53,-0.03774143164627521
258,0.107693371895895,1.3605394940359865,0.04248519377113881,0.4768143916718128,1.122723511789034,2.4744024287702415,2.827885957080245,54,-0.034548949879504846
259,0.04701565859266479,1.3603000009638846,0.04252632864210667,0.4823665631750435,1.1229408066672537,2.4766628366422747,2.841483558946736,54,-0.0029391032896399633
260,0.011368389052556322,1.3480894914339165,0.04165236199046709,0.47689967406270367,1.132939285880626,2.4878318099632715,2.8053117110551855,39,-0.014757950890209755
261,0.031337697450357936,1.3639916157356935,0.04257212111665127,0.48911073935234606,1.1152045759296818,2.447175889025468,2.823906251105576,53,-0.05548039293922286
262,0.009301800645098814,1.405917346676136,0.04329543227534306,0.4858979074678897,1.148177430424321,2.513890730478598,2.849646419086559,54,-0.032130353982173815
263,0.045247967783986466,1.4146050955013671,0.04208991981766949,0.47398532418390743,1.1175495861951457,2.4925559220431186,2.858331749886843,55,-0.03466262417787915
264,0.0829762767009955,1.3955089979091242,0.04117800769570506,0.47774749075931683,1.1293064530225856,2.474710474393937,2.7960458305666163,54,-0.029604665540399616
265,0.06120127924444773,1.3728568078995904,0.040217121595131244,0.4784248254739243,1.1370603006843967,2.4720875739939983,2.783367741595309,53,-0.029887515900391435
266,0.08721042217888783,1.3888510725108487,0.04084169168379188,0.4717951773244794,1.1290593377409297,2.4566650224209754,2.8563438588080783,54,-0.007711069198834001
267,0.09497963879598662,1.3600860706183762,0.039521709636468345,0.47111846648130623,1.1287782399603001,2.4706092892649667,2.820264380264974,52,-0.009694530661471114
268,0.09208636342738254,1.3598909442159721,0.03926286076992103,0.47255574570551145,1.1425549265014732,2.457092411838426,2.8195196391257396,52,-0.010415516397937545
269,0.09661029661700857,1.3539785964295592,0.04035572366343301,0.4716434256424389,1.1482720990884758,2.460527600611237,2.8075158188831844,52,-0.012141673429762207
270,0.09681544533691448,1.3530483692808208,0.03832759728189588,0.471171910639019,1.1488957913794644,2.462195645034842,2.8091099823405883,52,-0.009667652463735923
271,0.06668720943991972,1.3512698576215427,0.03954383829763607,0.4708898183194464,1.1536194583085981,2.454632305228395,2.808815563871918,52,-0.008559833257723495
272,0.06868682572379307,1.340447001733016,0.04017258922121621,0.468544285479713,1.1545346259949365,2.467369527642766,2.7652526545773646,52,-0.010048326760789523
273,0.03531333388163261,1.3560339531374637,0.03786454543747296,0.47212772359871313,1.180895715686205,2.4323984868253032,2.8385288632164483,52,-0.012650265503958124
274,0.09741414309470256,1.3456779232619736,0.03991322437384279,0.46718365727587646,1.147751038011351,2.4620917043972192,2.7914976849709556,52,-0.007423499326952374
275,0.1371978126327585,1.3459526933326094,0.038125338411452346,0.4662602589770465,1.1438467751930967,2.4625760958405545,2.7873142928126877,52,-0.007967689668237061
276,0.07530258186335403,1.3446787922914767,0.03801244324566335,0.46606464492813715,1.151702084907272,2.458329048729098,2.787455215679828,51,-0.0068905347867306704
277,0.13896040498918324,1.346519861595647,0.038382868895629585,0.4669486794063528,1.1462768243011827,2.474467620531127,2.765360465474798,52,-0.006232798592203038
278,0.096004158184765,1.3371772454148516,0.03709704920779037,0.46402912270168717,1.1609248484360373,2.475750987745603,2.749964641218287,52,-0.006550287107481081
279,0.06027053773959359,1.3272084350890574,0.03682515747259755,0.4655542832931876,1.1746531007981402,2.4715270318603793,2.774929554789781,52,-0.005705060935139711
280,0.06027266743925926,1.3397961642849412,0.03858750872706056,0.46583876234223986,1.16564775889002,2.4645084983125383,2.7502637212627343,50,-0.007718982529332721
281,0.07812123197755959,1.3354238962699896,0.03826287631234486,0.4705127475049469,1.164724646144283,2.439306169547081,2.7963490337924677,51,-0.0046740413483423
282,0.11158402027850607,1.3415092224814256,0.039076095757703856,0.46849530334864875,1.1636811112580525,2.4811394792638586,2.7444990849957254,52,-0.009787718375224769
283,0.05770033686450561,1.3233867579060727,0.036973709123899,0.3975565145725483,1.15819207633885,2.4817250341713946,2.7612592283316224,52,-0.009728287640460576
284,0.04688047937044562,1.3465547426977729,0.037203097770881266,0.46308083891949997,1.1995101437455233,2.463271694943884,2.722518371095087,51,-0.012513039922921574
285,0.11050403747396403,1.336343785350802,0.03876775416163302,0.4675136830472597,1.1620560206105814,2.4776108457377317,2.8074907704708583,52,-0.00698539769158475
286,0.0794889272876395,1.3293642678685522,0.03903733763043108,0.45915662178801697,1.1611969519392098,2.4762500471910895,2.8034037119251414,52,-0.007147985478826312
287,0.061262484227465795,1.3339959233625074,0.039180399429518745,0.46741221986060427,1.1741898642891513,2.4856877186010182,2.738146606548009,52,-0.010141205543570668
288,0.06782851788624476,1.3453842493812689,0.03616170429076019,0.46418135118391035,1.161240464920894,2.462205374682365,2.779672282912043,51,-0.005624893838253778
289,0.06050405424702477,1.3382175664692189,0.038493435325288275,0.46848127982230164,1.1453498378400389,2.4758207082639307,2.823428226969645,50,-0.008579539805487906
290,0.092796969285635,1.3486317613725947,0.03921198743759747,0.4740770154222612,1.1497608942198287,2.4241338154507526,2.80666397965425,52,-0.011138441189397956
291,0.03445725410148639,1.35114770220979,0.03957112105521157,0.47292113847954553,1.1861954951750926,2.414472400313114,2.825251824251751,52,-0.01703232628782866
292,0.095685981792254,1.3450285946394411,0.03744584693842319,0.4629622843166571,1.1479960234146058,2.44214888743517,2.7613468657943376,52,-0.012759422632243844
293,0.04540384660330419,1.34568993330173,0.03938259060613682,0.45815916050866573,1.1711667399195336,2.43813670376822,2.7404696932134813,51,-0.01077129581243908
294,0.09347709478873421,1.3380525716862681,0.03763149784544396,0.460756304358284,1.1499060719066139,2.4200133018239063,2.75972132366498,52,-0.013336073836577936
295,0.06391793166494007,1.337645309881852,0.03749077084271103,0.46072277930924516,1.1531368260311132,2.418123182957459,2.7674588245705847,52,-0.014541281434316053
296,0.0866213741647399,1.328475763751671,0.038373693313161046,0.46424024075376386,1.1471944951426072,2.395150740565554,2.808525318400588,51,-0.012387384016554192
297,0.06099638551399544,1.319855772255873,0.038253215829339104,0.46408837896026844,1.1482080845980807,2.4277555329792024,2.8049802006795814,51,-0.01268724456720231
298,0.008204860780347094,1.3110569976460844,0.03630692005978603,0.45747772148834265,1.1600838159605147,2.406158153093724,2.7515313787800864,51,-0.01121929086379624
299,0.07092460693069308,1.3302797326703129,0.03515811491129126,0.4620614185209497,1.150705217810926,2.399816575773101,2.7804620666307933,52,-0.016116823634402228
300,0.04621144531407837,1.3396314663355204,0.03767780680099198,0.4666937549616225,1.1425505750786704,2.4470331523380695,2.821779992939947,50,-0.007354926211443269
0,-5.0,1.349816047538945,0.06827500072434707,0.44639878836228103,1.0993292420985183,2.293611184265462,1.9871934244034433,22,-0.013382385422506483
1,-5.0,1.4404460046972836,0.0597825402228616,0.3041168988591605,1.2849549260809972,2.699465584480253,2.0548069328139316,26,-0.08165954901465662
0,-5.0,1.349816047538945,0.06827500072434707,0.44639878836228103,1.0993292420985183,2.293611184265462,1.9871934244034433,22,-0.013382385422506483
1,-5.0,1.4404460046972836,0.0597825402228616,0.3041168988591605,1.2849549260809972,2.699465584480253,2.0548069328139316,26,-0.08165954901465662
0,-5.0,1.349816047538945,0.06827500072434707,0.44639878836228103,1.0993292420985183,2.293611184265462,1.9871934244034433,22,-0.013382385422506483
1,-5.0,1.4404460046972836,0.0597825402228616,0.3041168988591605,1.2849549260809972,2.699465584480253,2.0548069328139316,26,-0.08165954901465662
0,-5.0,1.349816047538945,0.06827500072434707,0.44639878836228103,1.0993292420985183,2.293611184265462,1.9871934244034433,22,-0.013382385422506483
1,-5.0,1.4404460046972836,0.0597825402228616,0.3041168988591605,1.2849549260809972,2.699465584480253,2.0548069328139316,26,-0.08165954901465662
0,-5.0,1.349816047538945,0.06827500072434707,0.44639878836228103,1.0993292420985183,2.293611184265462,1.9871934244034433,22,-0.013382385422506483
1,-5.0,1.4404460046972836,0.0597825402228616,0.3041168988591605,1.2849549260809972,2.699465584480253,2.0548069328139316,26,-0.08165954901465662
0,-5.0,1.349816047538945,0.06827500072434707,0.44639878836228103,1.0993292420985183,2.293611184265462,1.9871934244034433,22,-0.013382385422506483
1,-5.0,1.4404460046972836,0.0597825402228616,0.3041168988591605,1.2849549260809972,2.699465584480253,2.0548069328139316,26,-0.08165954901465662
0,-5.0,1.349816047538945,0.06827500072434707,0.446398788362281,1.0993292420985183,2.293611184265462,1.9871934244034433,22,-0.013382385422506485
1,-5.0,1.4404460046972836,0.0597825402228616,0.3041168988591605,1.2849549260809972,2.699465584480253,2.0548069328139316,26,-0.08165954901465662
0,-5.0,1.349816047538945,0.06827500072434707,0.446398788362281,1.0993292420985183,2.293611184265462,1.9871934244034433,22,-0.013382385422506485
1,-5.0,1.4404460046972836,0.0597825402228616,0.3041168988591605,1.2849549260809972,2.699465584480253,2.0548069328139316,26,-0.08165954901465662
0,-5.0,1.349816047538945,0.06827500072434707,0.446398788362281,1.0993292420985183,2.293611184265462,1.9871934244034433,22,-0.013382385422506485
1,-5.0,1.4404460046972836,0.0597825402228616,0.3041168988591605,1.2849549260809972,2.699465584480253,2.0548069328139316,26,-0.08165954901465662
0,-5.0,1.349816047538945,0.06827500072434707,0.446398788362281,1.0993292420985183,2.293611184265462,1.9871934244034433,22,-0.013382385422506485
1,-5.0,1.4404460046972836,0.0597825402228616,0.3041168988591605,1.2849549260809972,2.699465584480253,2.0548069328139316,26,-0.08165954901465662
0,-5.0,1.349816047538945,0.06827500072434707,0.446398788362281,1.0993292420985183,2.293611184265462,1.9871934244034433,22,-0.013382385422506485
1,-5.0,1.4404460046972836,0.0597825402228616,0.3041168988591605,1.2849549260809972,2.699465584480253,2.0548069328139316,26,-0.08165954901465662
0,-5.0,1.349816047538945,0.06827500072434707,0.446398788362281,1.0993292420985183,2.293611184265462,1.9871934244034433,22,-0.013382385422506485
1,-5.0,1.4404460046972836,0.0597825402228616,0.3041168988591605,1.2849549260809972,2.699465584480253,2.0548069328139316,26,-0.08165954901465662
0,-5.0,1.349816047538945,0.06827500072434707,0.446398788362281,1.0993292420985183,2.293611184265462,1.9871934244034433,22,-0.013382385422506485
1,-5.0,1.4404460046972836,0.0597825402228616,0.3041168988591605,1.2849549260809972,2.699465584480253,2.0548069328139316,26,-0.08165954901465662
0,-5.0,1.349816047538945,0.06827500072434707,0.44639878836228103,1.0993292420985183,2.293611184265462,1.9871934244034433,22,-0.013382385422506483
1,-5.0,1.4404460046972836,0.0597825402228616,0.3041168988591605,1.2849549260809972,2.699465584480253,2.0548069328139316,26,-0.08165954901465662
0,-5.0,1.349816047538945,0.06827500072434707,0.44639878836228103,1.0993292420985183,2.293611184265462,1.9871934244034433,22,-0.013382385422506483
1,-5.0,1.4404460046972836,0.0597825402228616,0.3041168988591605,1.2849549260809972,2.699465584480253,2.0548069328139316,26,-0.08165954901465662
0,-5.0,1.349816047538945,0.06827500072434707,0.44639878836228103,1.0993292420985183,2.293611184265462,1.9871934244034433,22,-0.013382385422506483
1,-5.0,1.4404460046972836,0.0597825402228616,0.3041168988591605,1.2849549260809972,2.699465584480253,2.0548069328139316,26,-0.08165954901465662
